distance,dist_from_surface
1.000000000000000021e-02,1.101796667714144140e-01
1.499999999999999944e-02,1.102444859298060964e-01
2.000000000000000042e-02,1.104241759593848210e-01
2.500000000000000139e-02,1.107247843019870531e-01
2.999999999999999889e-02,1.111548147298312278e-01
3.500000000000000333e-02,1.117377188303560615e-01
4.000000000000000083e-02,1.124560488171095635e-01
4.499999999999999833e-02,1.133869420759109903e-01
5.000000000000000278e-02,1.145611572284431084e-01
5.500000000000000028e-02,1.159170336696755121e-01
5.999999999999999778e-02,1.176865584262855868e-01
6.500000000000000222e-02,1.200221937073907147e-01
7.000000000000000666e-02,1.230183421143238170e-01
7.499999999999999722e-02,1.266552566209774300e-01
8.000000000000000167e-02,1.309840821506497444e-01
8.500000000000000611e-02,1.359564474311000526e-01
8.999999999999999667e-02,1.415988427541179928e-01
9.500000000000000111e-02,1.476129555825440587e-01
1.000000000000000056e-01,1.537604740724046737e-01
1.049999999999999961e-01,1.597904374806416450e-01
1.100000000000000006e-01,1.655437263534182413e-01
1.150000000000000050e-01,1.709828810369928287e-01
1.199999999999999956e-01,1.760327888234040905e-01
1.250000000000000000e-01,1.807292542766882615e-01
1.300000000000000044e-01,1.851579329564010112e-01
1.350000000000000089e-01,1.893509012274375292e-01
1.400000000000000133e-01,1.933158829758987729e-01
1.449999999999999900e-01,1.970422496047497807e-01
1.499999999999999944e-01,2.005098558426411937e-01
1.549999999999999989e-01,2.036742820565274059e-01
1.600000000000000033e-01,2.065061644933138818e-01
1.650000000000000078e-01,2.089604128634708347e-01
1.700000000000000122e-01,2.110026247367340624e-01
1.750000000000000167e-01,2.126200501854650371e-01
1.799999999999999933e-01,2.137962723833639056e-01
1.849999999999999978e-01,2.144971149266628740e-01
1.900000000000000022e-01,2.147860724094384499e-01
1.950000000000000067e-01,2.147511548450625474e-01
2.000000000000000111e-01,2.143987928862644554e-01
2.050000000000000155e-01,2.137496789722996837e-01
2.099999999999999922e-01,2.127908400929716115e-01
2.149999999999999967e-01,2.114883253037911637e-01
2.200000000000000011e-01,2.099160715684023348e-01
2.250000000000000056e-01,2.082999768597794954e-01
2.300000000000000100e-01,2.068095651382211575e-01
2.350000000000000144e-01,2.055115403246615680e-01
2.399999999999999911e-01,2.044206613265347194e-01
2.449999999999999956e-01,2.035460198069749260e-01
2.500000000000000000e-01,2.028609299784638054e-01
2.550000000000000044e-01,2.023370717330546520e-01
2.600000000000000089e-01,2.019385743453503135e-01
2.650000000000000133e-01,2.016399214320962474e-01
2.700000000000000178e-01,2.014170170015390227e-01
2.750000000000000222e-01,2.012511647907711809e-01
2.800000000000000266e-01,2.011270194417457968e-01
2.850000000000000311e-01,2.010336545334482639e-01
2.899999999999999800e-01,2.009616625358158493e-01
2.949999999999999845e-01,2.009041865420368167e-01
2.999999999999999889e-01,2.008576915963346532e-01
3.049999999999999933e-01,2.008154911701756362e-01
3.099999999999999978e-01,1.998295436482835086e-01
3.150000000000000022e-01,1.989565169853319826e-01
3.200000000000000067e-01,1.932983737381801237e-01
3.250000000000000111e-01,1.912986198270846816e-01
3.300000000000000155e-01,1.922438326116442942e-01
3.350000000000000200e-01,1.936086949427881232e-01
3.400000000000000244e-01,1.948737256002553708e-01
3.450000000000000289e-01,1.960145028279142443e-01
3.500000000000000333e-01,1.891291794995049458e-01
3.549999999999999822e-01,1.906418305391277823e-01
3.599999999999999867e-01,1.929121742337792378e-01
3.649999999999999911e-01,1.950811328783331744e-01
3.699999999999999956e-01,1.969433728891744895e-01
3.750000000000000000e-01,1.882129043097544863e-01
3.800000000000000044e-01,1.920573768178480689e-01
3.850000000000000089e-01,1.947308299994848502e-01
3.900000000000000133e-01,1.932577825318637088e-01
3.950000000000000178e-01,2.002367942730425288e-01
4.000000000000000222e-01,2.030178965379512146e-01
4.050000000000000266e-01,1.966968135133803364e-01
4.100000000000000311e-01,1.977280263079311540e-01
4.150000000000000355e-01,1.962021657072909042e-01
4.199999999999999845e-01,1.951253444288366667e-01
4.249999999999999889e-01,1.944363873519970587e-01
4.299999999999999933e-01,1.939857384014068431e-01
4.349999999999999978e-01,1.937140112017541327e-01
4.400000000000000022e-01,1.920237006133213298e-01
4.450000000000000067e-01,1.924271750190127694e-01
4.500000000000000111e-01,1.928133568626832772e-01
4.550000000000000155e-01,1.932241802642201967e-01
4.600000000000000200e-01,1.936199330914125105e-01
4.650000000000000244e-01,1.929932492789619980e-01
4.700000000000000289e-01,1.937128677508178631e-01
4.750000000000000333e-01,1.943611186271661240e-01
4.799999999999999822e-01,1.949690426229679641e-01
4.849999999999999867e-01,1.955269972334293671e-01
4.899999999999999911e-01,1.955827098723747215e-01
4.949999999999999956e-01,1.962844425724846187e-01
5.000000000000000000e-01,1.969207513422149280e-01
5.050000000000000044e-01,1.975106800334762713e-01
5.100000000000000089e-01,1.980581079197677452e-01
5.150000000000000133e-01,1.985781788847671425e-01
5.200000000000000178e-01,1.990773924794849714e-01
5.250000000000000222e-01,1.995640809519305114e-01
5.300000000000000266e-01,2.000398829252669486e-01
5.350000000000000311e-01,2.005161727279551054e-01
5.400000000000000355e-01,2.015526439938320202e-01
5.450000000000000400e-01,1.993873295807388202e-01
5.500000000000000444e-01,1.968641329411274787e-01
5.550000000000000488e-01,1.949511257318441715e-01
5.600000000000000533e-01,1.936605332987612615e-01
5.650000000000000577e-01,1.927624323513894844e-01
5.700000000000000622e-01,1.921507296375062068e-01
5.750000000000000666e-01,1.917673051483815005e-01
5.799999999999999600e-01,1.915611028466672749e-01
5.849999999999999645e-01,1.912287898034827072e-01
5.899999999999999689e-01,1.908075848842855360e-01
5.949999999999999734e-01,1.906816272872781659e-01
5.999999999999999778e-01,1.907313811231443335e-01
6.049999999999999822e-01,1.911696179815319530e-01
6.099999999999999867e-01,1.918117734395133334e-01
6.149999999999999911e-01,1.924371401728151021e-01
6.199999999999999956e-01,1.930458709075867363e-01
6.250000000000000000e-01,1.934964210308670884e-01
6.300000000000000044e-01,1.937700823499612368e-01
6.350000000000000089e-01,1.936591592482509172e-01
6.400000000000000133e-01,1.939893783065531618e-01
6.450000000000000178e-01,1.947220921225407964e-01
6.500000000000000222e-01,1.954211991893933797e-01
6.550000000000000266e-01,1.960916194200585383e-01
6.600000000000000311e-01,1.967432967928084420e-01
6.650000000000000355e-01,1.973765871208106315e-01
6.700000000000000400e-01,1.979971734419769258e-01
6.750000000000000444e-01,1.984937010955802605e-01
6.800000000000000488e-01,1.988710953020207395e-01
6.850000000000000533e-01,1.991678264246555252e-01
6.900000000000000577e-01,1.994011872368282035e-01
6.950000000000000622e-01,1.995894324908457640e-01
7.000000000000000666e-01,1.997402345687831204e-01
7.049999999999999600e-01,1.998489467110214912e-01
7.099999999999999645e-01,1.999140382910089830e-01
7.149999999999999689e-01,1.999573055836289526e-01
7.199999999999999734e-01,1.999936829381882275e-01
7.249999999999999778e-01,2.000226056295488219e-01
7.299999999999999822e-01,2.000509805917472239e-01
7.349999999999999867e-01,2.000767101345813648e-01
7.399999999999999911e-01,2.000943555002796526e-01
7.449999999999999956e-01,2.001054078914741852e-01
7.500000000000000000e-01,2.001191128279743714e-01
7.550000000000000044e-01,2.001578310291151630e-01
7.600000000000000089e-01,2.003105305159098570e-01
7.650000000000000133e-01,2.005582606553404090e-01
7.700000000000000178e-01,2.008577467417015650e-01
7.750000000000000222e-01,2.012313438343974192e-01
7.800000000000000266e-01,2.016557612030566715e-01
7.850000000000000311e-01,2.021163889834232674e-01
7.900000000000000355e-01,2.026160650602435165e-01
7.950000000000000400e-01,2.031165036306196992e-01
8.000000000000000444e-01,2.036103920372721587e-01
8.050000000000000488e-01,2.041256539889425015e-01
8.100000000000000533e-01,2.055319165273152004e-01
8.150000000000000577e-01,2.066488157610893994e-01
8.200000000000000622e-01,2.071548576318147372e-01
8.250000000000000666e-01,2.076228741075827333e-01
8.300000000000000711e-01,2.080664309547693991e-01
8.349999999999999645e-01,2.084921159260304246e-01
8.399999999999999689e-01,2.089332413114476650e-01
8.449999999999999734e-01,2.093925744736562788e-01
8.499999999999999778e-01,2.098641373065858740e-01
8.549999999999999822e-01,2.103784027379071997e-01
8.599999999999999867e-01,2.109244634328822365e-01
8.649999999999999911e-01,2.114692642048725257e-01
8.699999999999999956e-01,2.120212493265512255e-01
8.750000000000000000e-01,2.125535617569590530e-01
8.800000000000000044e-01,2.130597206623338069e-01
8.850000000000000089e-01,2.135674548769350145e-01
8.900000000000000133e-01,2.141039634756386756e-01
8.950000000000000178e-01,2.146659278711918473e-01
9.000000000000000222e-01,2.153775260944556513e-01
9.050000000000000266e-01,2.164155838161587742e-01
9.100000000000000311e-01,2.174038328634128880e-01
9.150000000000000355e-01,2.183608061380017951e-01
9.200000000000000400e-01,2.191924738964370900e-01
9.250000000000000444e-01,2.195964745815378871e-01
9.300000000000000488e-01,2.202531339868746274e-01
9.350000000000000533e-01,2.210059891575692492e-01
9.400000000000000577e-01,2.218162744684099852e-01
9.450000000000000622e-01,2.226396472598479448e-01
9.500000000000000666e-01,2.234674786987750350e-01
9.550000000000000711e-01,2.241377871057740057e-01
9.599999999999999645e-01,2.245736131238120492e-01
9.649999999999999689e-01,2.250163103611012572e-01
9.699999999999999734e-01,2.254835878943589056e-01
9.749999999999999778e-01,2.260023228692776831e-01
9.799999999999999822e-01,2.265245318413562636e-01
9.849999999999999867e-01,2.270890205389763106e-01
9.899999999999999911e-01,2.271690168538304244e-01
9.949999999999999956e-01,2.248893578340918076e-01
1.000000000000000000e+00,2.224637758232948237e-01
1.005000000000000115e+00,2.200377662803578160e-01
1.010000000000000009e+00,2.176984320771868098e-01
1.015000000000000124e+00,2.155081867824257258e-01
1.020000000000000018e+00,2.134935219465513012e-01
1.024999999999999911e+00,2.116680200384894184e-01
1.030000000000000027e+00,2.100535574559820873e-01
1.034999999999999920e+00,2.086434042679518874e-01
1.040000000000000036e+00,2.074595562177104502e-01
1.044999999999999929e+00,2.064906171259772161e-01
1.050000000000000044e+00,2.056507847199753602e-01
1.054999999999999938e+00,2.009691397063347040e-01
1.060000000000000053e+00,1.957944178501369592e-01
1.064999999999999947e+00,1.910572154937714151e-01
1.070000000000000062e+00,1.873973177043861682e-01
1.074999999999999956e+00,1.847846981174408321e-01
1.080000000000000071e+00,1.830909359781960899e-01
1.084999999999999964e+00,1.821628871077493605e-01
1.090000000000000080e+00,1.814205846266236655e-01
1.094999999999999973e+00,1.789629336383275482e-01
1.100000000000000089e+00,1.764561759000475849e-01
1.104999999999999982e+00,1.754047322437951029e-01
1.110000000000000098e+00,1.744725985872858931e-01
1.114999999999999991e+00,1.744286673283620692e-01
1.120000000000000107e+00,1.752698624182711939e-01
1.125000000000000000e+00,1.767430141068061233e-01
1.130000000000000115e+00,1.772144853858622915e-01
1.135000000000000009e+00,1.773076127092321208e-01
1.140000000000000124e+00,1.753334934688532964e-01
1.145000000000000018e+00,1.727463295788448649e-01
1.150000000000000133e+00,1.715412474050564684e-01
1.155000000000000027e+00,1.735247635356330365e-01
1.159999999999999920e+00,1.744330074985581958e-01
1.165000000000000036e+00,1.748744781648023938e-01
1.169999999999999929e+00,1.752728887395511304e-01
1.175000000000000044e+00,1.756151203619720769e-01
1.179999999999999938e+00,1.759035986482033742e-01
1.185000000000000053e+00,1.715287313506557998e-01
1.189999999999999947e+00,1.727441412451601876e-01
1.195000000000000062e+00,1.734063197353702401e-01
1.199999999999999956e+00,1.740014902124747409e-01
1.205000000000000071e+00,1.745319130129251994e-01
1.209999999999999964e+00,1.749997400340128628e-01
1.215000000000000080e+00,1.715655189912210221e-01
1.219999999999999973e+00,1.723792267433368330e-01
1.225000000000000089e+00,1.732317795914374847e-01
1.229999999999999982e+00,1.740240590908202212e-01
1.235000000000000098e+00,1.747725104729362100e-01
1.239999999999999991e+00,1.754770409335026926e-01
1.245000000000000107e+00,1.726767383857776283e-01
1.250000000000000000e+00,1.737525701908848308e-01
1.255000000000000115e+00,1.748828313802960610e-01
1.260000000000000009e+00,1.759427214022899200e-01
1.265000000000000124e+00,1.769581866716055940e-01
1.270000000000000018e+00,1.779320065996466693e-01
1.275000000000000133e+00,1.760524457723544878e-01
1.280000000000000027e+00,1.774018466279495276e-01
1.284999999999999920e+00,1.787656529696638186e-01
1.290000000000000036e+00,1.800564618546784679e-01
1.294999999999999929e+00,1.812901571496578212e-01
1.300000000000000044e+00,1.824795512571966427e-01
1.304999999999999938e+00,1.817386505315515821e-01
1.310000000000000053e+00,1.832425814270095266e-01
1.314999999999999947e+00,1.846952676546570193e-01
1.320000000000000062e+00,1.860871969657938996e-01
1.324999999999999956e+00,1.874201283289972098e-01
1.330000000000000071e+00,1.887101475848424748e-01
1.334999999999999964e+00,1.891872242351309574e-01
1.340000000000000080e+00,1.906411677692206597e-01
1.344999999999999973e+00,1.920382750972725316e-01
1.350000000000000089e+00,1.933755568856625473e-01
1.354999999999999982e+00,1.946745661893199975e-01
1.360000000000000098e+00,1.958166251511410938e-01
1.364999999999999991e+00,1.967356472899862707e-01
1.370000000000000107e+00,1.974078904307962901e-01
1.375000000000000000e+00,1.979657597200516761e-01
1.380000000000000115e+00,1.984520144535010799e-01
1.385000000000000009e+00,1.988656906089222298e-01
1.390000000000000124e+00,1.992074874945738150e-01
1.395000000000000018e+00,1.994800734400047071e-01
1.400000000000000133e+00,1.996826973955906082e-01
1.405000000000000027e+00,1.998419713871087411e-01
1.409999999999999920e+00,1.999834503420689080e-01
1.415000000000000036e+00,2.001015753233521266e-01
1.419999999999999929e+00,2.001772599994719459e-01
1.425000000000000044e+00,2.002450295084085563e-01
1.429999999999999938e+00,2.003001408545464213e-01
1.435000000000000053e+00,2.003033658042207565e-01
1.439999999999999947e+00,2.003302798423957642e-01
1.445000000000000062e+00,2.003699024295910180e-01
1.449999999999999956e+00,2.003840775228217241e-01
1.455000000000000071e+00,2.004031621778607497e-01
1.459999999999999964e+00,2.003864684494789661e-01
1.465000000000000080e+00,2.003936394955014855e-01
1.469999999999999973e+00,2.004133425423249570e-01
1.475000000000000089e+00,2.004019820320357415e-01
1.479999999999999982e+00,2.003995914027552339e-01
1.485000000000000098e+00,2.003750838474016860e-01
1.489999999999999991e+00,2.003742429592240415e-01
1.495000000000000107e+00,2.003575415923019576e-01
1.500000000000000000e+00,2.003508559830341207e-01
1.505000000000000115e+00,2.003243999827863664e-01
1.510000000000000009e+00,2.003389422345485116e-01
1.515000000000000124e+00,2.003282360618802438e-01
1.520000000000000018e+00,2.003419412908782893e-01
1.525000000000000133e+00,2.003342317498152392e-01
1.530000000000000027e+00,2.003302212112562930e-01
1.535000000000000142e+00,2.003312387915659742e-01
1.540000000000000036e+00,2.003284118295156901e-01
1.544999999999999929e+00,2.003337756520025548e-01
1.550000000000000044e+00,2.003093439444094959e-01
1.554999999999999938e+00,2.003123308522039292e-01
1.560000000000000053e+00,2.003196311313791556e-01
1.564999999999999947e+00,2.002963409709845877e-01
1.570000000000000062e+00,2.002801421617457223e-01
1.574999999999999956e+00,2.002463558017141820e-01
1.580000000000000071e+00,2.002220059735030089e-01
1.584999999999999964e+00,2.002211508447556410e-01
1.590000000000000080e+00,2.002127484540364710e-01
1.594999999999999973e+00,2.002063221606257826e-01
1.600000000000000089e+00,2.002055493283692311e-01
1.604999999999999982e+00,2.002052603702243472e-01
1.610000000000000098e+00,2.001777106017293140e-01
1.614999999999999991e+00,2.001745098863622896e-01
1.620000000000000107e+00,2.001876174306466138e-01
1.625000000000000000e+00,2.001877154037531303e-01
1.630000000000000115e+00,2.002126660203723540e-01
1.635000000000000009e+00,2.003605285336962916e-01
1.640000000000000124e+00,2.005989181718899617e-01
1.645000000000000018e+00,2.007471980670563483e-01
1.650000000000000133e+00,2.017986833840223482e-01
1.655000000000000027e+00,2.021660011957754632e-01
1.660000000000000142e+00,2.025296219520322794e-01
1.665000000000000036e+00,2.029554830613432004e-01
1.669999999999999929e+00,2.034143254887871566e-01
1.675000000000000044e+00,2.038024924381617309e-01
1.679999999999999938e+00,2.056462320306960689e-01
1.685000000000000053e+00,2.060921837374735111e-01
1.689999999999999947e+00,2.064270544738634194e-01
1.695000000000000062e+00,2.067644813006201676e-01
1.699999999999999956e+00,2.071255537068696639e-01
1.705000000000000071e+00,2.074922382375158914e-01
1.709999999999999964e+00,2.080052442387538558e-01
1.715000000000000080e+00,2.102615277188095988e-01
1.719999999999999973e+00,2.106162162647216840e-01
1.725000000000000089e+00,2.108346649904700998e-01
1.729999999999999982e+00,2.110217127290117956e-01
1.735000000000000098e+00,2.112982553270693897e-01
1.739999999999999991e+00,2.118211461265892825e-01
1.745000000000000107e+00,2.142063712447240253e-01
1.750000000000000000e+00,2.143938738585705606e-01
1.755000000000000115e+00,2.144910526910168980e-01
1.760000000000000009e+00,2.146024427431118820e-01
1.765000000000000124e+00,2.148900004362065685e-01
1.770000000000000018e+00,2.154078826976540961e-01
1.775000000000000133e+00,2.160338953472617507e-01
1.780000000000000027e+00,2.181935456273660368e-01
1.785000000000000142e+00,2.183253649157285703e-01
1.790000000000000036e+00,2.184216591112870254e-01
1.794999999999999929e+00,2.187626694116663051e-01
1.800000000000000044e+00,2.193336807510783970e-01
1.804999999999999938e+00,2.199541652830330207e-01
1.810000000000000053e+00,2.221814659282760618e-01
1.814999999999999947e+00,2.222477003971096432e-01
1.820000000000000062e+00,2.222944193698885573e-01
1.824999999999999956e+00,2.226684699238065945e-01
1.830000000000000071e+00,2.232829741524918754e-01
1.834999999999999964e+00,2.239917130050103344e-01
1.840000000000000080e+00,2.263648323192100908e-01
1.844999999999999973e+00,2.264674026637276960e-01
1.850000000000000089e+00,2.265158937806367179e-01
1.854999999999999982e+00,2.269740673552430033e-01
1.860000000000000098e+00,2.276285712988943000e-01
1.864999999999999991e+00,2.283774035008142023e-01
1.870000000000000107e+00,2.291569858562436390e-01
1.875000000000000000e+00,2.310691304207921348e-01
1.880000000000000115e+00,2.313559694372919473e-01
1.885000000000000009e+00,2.320533929657479233e-01
1.890000000000000124e+00,2.328511004299390896e-01
1.895000000000000018e+00,2.337114051784500990e-01
1.900000000000000133e+00,2.346329485579615737e-01
1.905000000000000027e+00,2.366564052945578367e-01
1.910000000000000142e+00,2.370435112837429026e-01
1.915000000000000036e+00,2.380147846655313593e-01
1.919999999999999929e+00,2.384904345204734433e-01
1.925000000000000044e+00,2.369850818045981522e-01
1.929999999999999938e+00,2.354236265483117818e-01
1.935000000000000053e+00,2.338120081279987106e-01
1.939999999999999947e+00,2.321105417575763108e-01
1.945000000000000062e+00,2.303116915092808803e-01
1.949999999999999956e+00,2.284129631162097329e-01
1.955000000000000071e+00,2.264014884001751826e-01
1.959999999999999964e+00,2.242499921750366054e-01
1.965000000000000080e+00,2.219322702313956674e-01
1.969999999999999973e+00,2.194284485672975127e-01
1.975000000000000089e+00,2.169372876948711948e-01
1.979999999999999982e+00,2.145350878073181700e-01
1.985000000000000098e+00,2.123203923675814064e-01
1.989999999999999991e+00,2.103249831150146854e-01
1.995000000000000107e+00,2.085725412959111291e-01
2.000000000000000000e+00,2.070710662841456773e-01
2.004999999999999893e+00,2.057847763570987143e-01
2.010000000000000231e+00,2.047378634841175438e-01
2.015000000000000124e+00,2.038733819580123841e-01
2.020000000000000018e+00,2.032040801586114664e-01
2.024999999999999911e+00,2.026588999089148080e-01
2.030000000000000249e+00,2.022403521480470312e-01
2.035000000000000142e+00,2.018772739112713877e-01
2.040000000000000036e+00,2.015799530983728438e-01
2.044999999999999929e+00,2.012934106544428392e-01
2.049999999999999822e+00,2.010535377526926071e-01
2.055000000000000160e+00,2.008830952527982106e-01
2.060000000000000053e+00,2.009026571212132184e-01
2.064999999999999947e+00,2.011175805681898188e-01
2.069999999999999840e+00,2.014735470369412584e-01
2.075000000000000178e+00,2.019346497837010423e-01
2.080000000000000071e+00,2.024890878951107753e-01
2.084999999999999964e+00,2.030754446098163579e-01
2.089999999999999858e+00,2.037110897330403070e-01
2.095000000000000195e+00,2.043926488774268080e-01
2.100000000000000089e+00,2.050850118296470570e-01
2.104999999999999982e+00,2.058262847455275268e-01
2.109999999999999876e+00,2.065954576039938650e-01
2.115000000000000213e+00,2.073389541310960982e-01
2.120000000000000107e+00,2.081004344839748055e-01
2.125000000000000000e+00,2.090364513263791302e-01
2.129999999999999893e+00,2.097753760924363498e-01
2.135000000000000231e+00,2.104764350715566945e-01
2.140000000000000124e+00,2.111768654556158975e-01
2.145000000000000018e+00,2.118872027024555627e-01
2.149999999999999911e+00,2.126190257639606340e-01
2.155000000000000249e+00,2.133736597024457338e-01
2.160000000000000142e+00,2.141345688562438510e-01
2.165000000000000036e+00,2.151638834684077572e-01
2.169999999999999929e+00,2.162993019441867004e-01
2.175000000000000266e+00,2.173470874673044118e-01
2.180000000000000160e+00,2.183931623606375771e-01
2.185000000000000053e+00,2.193849723722228751e-01
2.189999999999999947e+00,2.199712623359728059e-01
2.194999999999999840e+00,2.205646911215278783e-01
2.200000000000000178e+00,2.211702535828524996e-01
2.205000000000000071e+00,2.217652212698498215e-01
2.209999999999999964e+00,2.227224409772761982e-01
2.214999999999999858e+00,2.237042894372478219e-01
2.220000000000000195e+00,2.247123990827596951e-01
2.225000000000000089e+00,2.255058764173844821e-01
2.229999999999999982e+00,2.262175305619631427e-01
2.234999999999999876e+00,2.269661372773704167e-01
2.240000000000000213e+00,2.280323273927504779e-01
2.245000000000000107e+00,2.290796772843551043e-01
2.250000000000000000e+00,2.298875814808062634e-01
2.254999999999999893e+00,2.300534447724568721e-01
2.260000000000000231e+00,2.277898632365815412e-01
2.265000000000000124e+00,2.253618864536807154e-01
2.270000000000000018e+00,2.228319277339285698e-01
2.274999999999999911e+00,2.202307459533316691e-01
2.280000000000000249e+00,2.176147064706828171e-01
2.285000000000000142e+00,2.150476961668218445e-01
2.290000000000000036e+00,2.126145218398775016e-01
2.294999999999999929e+00,2.103774620820974273e-01
2.300000000000000266e+00,2.084440982894975314e-01
2.305000000000000160e+00,2.068114872673343096e-01
2.310000000000000053e+00,2.054639351763745125e-01
2.314999999999999947e+00,2.043938565678444230e-01
2.319999999999999840e+00,2.035364234180581378e-01
2.325000000000000178e+00,2.028800534509712372e-01
2.330000000000000071e+00,2.023974315901460874e-01
2.334999999999999964e+00,2.020158640608579192e-01
2.339999999999999858e+00,2.017313752700562179e-01
2.345000000000000195e+00,2.015234569523082775e-01
2.350000000000000089e+00,2.013492717396093423e-01
2.354999999999999982e+00,2.012260932410767367e-01
2.359999999999999876e+00,2.011511587492099129e-01
2.365000000000000213e+00,2.010995704243844773e-01
2.370000000000000107e+00,2.010404836039423049e-01
2.375000000000000000e+00,2.010126045002575135e-01
2.379999999999999893e+00,2.010100736052179426e-01
2.385000000000000231e+00,2.010149159598132729e-01
2.390000000000000124e+00,2.010091441328519524e-01
2.395000000000000018e+00,2.010470980120137585e-01
2.399999999999999911e+00,2.011233757495360097e-01
2.405000000000000249e+00,2.012048338447933737e-01
2.410000000000000142e+00,1.999313734411204413e-01
2.415000000000000036e+00,1.951793196367825334e-01
2.419999999999999929e+00,1.911953934464160898e-01
2.425000000000000266e+00,1.881722615320134961e-01
2.430000000000000160e+00,1.860764250456411473e-01
2.435000000000000053e+00,1.850129119358569219e-01
2.439999999999999947e+00,1.845143212450403858e-01
2.444999999999999840e+00,1.841676379537224850e-01
2.450000000000000178e+00,1.839387569303106429e-01
2.455000000000000071e+00,1.838176687467345249e-01
2.459999999999999964e+00,1.837864415085299630e-01
2.464999999999999858e+00,1.838334775015481315e-01
2.470000000000000195e+00,1.839494263830688536e-01
2.475000000000000089e+00,1.841372924733004623e-01
2.479999999999999982e+00,1.843779057180873759e-01
2.484999999999999876e+00,1.844695319202662998e-01
2.490000000000000213e+00,1.840708045669494364e-01
2.495000000000000107e+00,1.839103743751748787e-01
2.500000000000000000e+00,1.838877133397890662e-01
2.504999999999999893e+00,1.843855804575868229e-01
2.510000000000000231e+00,1.852640768006272032e-01
2.515000000000000124e+00,1.861045077405096282e-01
2.520000000000000018e+00,1.869169615551660446e-01
2.524999999999999911e+00,1.877051098213228519e-01
2.530000000000000249e+00,1.884764227910592227e-01
2.535000000000000142e+00,1.892323915685927282e-01
2.540000000000000036e+00,1.899806317823664048e-01
2.544999999999999929e+00,1.907273865279419112e-01
2.550000000000000266e+00,1.914637421711486986e-01
2.555000000000000160e+00,1.920607535230012264e-01
2.560000000000000053e+00,1.926437759516195503e-01
2.564999999999999947e+00,1.932783149385222665e-01
2.569999999999999840e+00,1.939209819837409976e-01
2.575000000000000178e+00,1.945811706272606301e-01
2.580000000000000071e+00,1.952479488164858556e-01
2.584999999999999964e+00,1.959241220733105027e-01
2.589999999999999858e+00,1.966067172101676752e-01
2.595000000000000195e+00,1.972942117367285086e-01
2.600000000000000089e+00,1.979277803136453295e-01
2.604999999999999982e+00,1.984289290887130408e-01
2.609999999999999876e+00,1.988105644744809775e-01
2.615000000000000213e+00,1.990929162417332809e-01
2.620000000000000107e+00,1.993136017360310763e-01
2.625000000000000000e+00,1.994887123194487855e-01
2.629999999999999893e+00,1.996217349546054731e-01
2.635000000000000231e+00,1.997190718153868116e-01
2.640000000000000124e+00,1.998094174632300823e-01
2.645000000000000018e+00,1.998859096844156913e-01
2.649999999999999911e+00,1.999458783723275790e-01
2.655000000000000249e+00,1.999811768926023636e-01
2.660000000000000142e+00,2.000122050859307610e-01
2.665000000000000036e+00,2.000439167304863819e-01
2.669999999999999929e+00,2.000675175412902629e-01
2.675000000000000266e+00,2.001826028822473458e-01
2.680000000000000160e+00,2.004234495166975771e-01
2.685000000000000053e+00,2.007579860542136330e-01
2.689999999999999947e+00,2.011679503480056364e-01
2.694999999999999840e+00,2.016083589027345968e-01
2.700000000000000178e+00,2.020793644806805622e-01
2.705000000000000071e+00,2.025841506589601826e-01
2.709999999999999964e+00,2.040161499376041687e-01
2.714999999999999858e+00,2.048090111402605107e-01
2.720000000000000195e+00,2.053434437880359009e-01
2.725000000000000089e+00,2.058889701124719529e-01
2.729999999999999982e+00,2.064628007739277848e-01
2.734999999999999876e+00,2.070130546911404523e-01
2.740000000000000213e+00,2.075336393745038643e-01
2.745000000000000107e+00,2.080641037223797951e-01
2.750000000000000000e+00,2.086173313553744413e-01
2.754999999999999893e+00,2.091497012043781467e-01
2.760000000000000231e+00,2.097818745661180484e-01
2.765000000000000124e+00,2.104490926857897348e-01
2.770000000000000018e+00,2.110619877866612704e-01
2.774999999999999911e+00,2.116190906029741803e-01
2.780000000000000249e+00,2.121470679265487769e-01
2.785000000000000142e+00,2.126882595181743829e-01
2.790000000000000036e+00,2.132249970662656868e-01
2.794999999999999929e+00,2.137739279777258194e-01
2.800000000000000266e+00,2.144896654732671715e-01
2.805000000000000160e+00,2.155632179159382433e-01
2.810000000000000053e+00,2.165893081920224339e-01
2.814999999999999947e+00,2.175558314498173551e-01
2.819999999999999840e+00,2.182147274947744409e-01
2.825000000000000178e+00,2.186330383752052020e-01
2.830000000000000071e+00,2.193485357529324498e-01
2.834999999999999964e+00,2.201724985262712708e-01
2.839999999999999858e+00,2.209987563544571487e-01
2.845000000000000195e+00,2.218149518152668642e-01
2.850000000000000089e+00,2.226457641703972479e-01
2.854999999999999982e+00,2.233384707132366476e-01
2.859999999999999876e+00,2.238135668270785916e-01
2.865000000000000213e+00,2.242994215189002827e-01
2.870000000000000107e+00,2.248018391702097940e-01
2.875000000000000000e+00,2.253513880022045279e-01
2.879999999999999893e+00,2.259705315142216120e-01
2.885000000000000231e+00,2.266534563560933802e-01
2.890000000000000124e+00,2.273810448381982929e-01
2.895000000000000018e+00,2.264804801963576086e-01
2.899999999999999911e+00,2.242239365229214965e-01
2.905000000000000249e+00,2.218260947414781303e-01
2.910000000000000142e+00,2.193539396547446452e-01
2.915000000000000036e+00,2.168796449838412688e-01
2.919999999999999929e+00,2.144541888443085853e-01
2.925000000000000266e+00,2.121462893830203256e-01
2.930000000000000160e+00,2.100346743676581862e-01
2.935000000000000053e+00,2.081795920498940855e-01
2.939999999999999947e+00,2.065805724196420612e-01
2.944999999999999840e+00,2.052676098927938841e-01
2.950000000000000178e+00,2.042304331618713942e-01
2.955000000000000071e+00,2.033952830888982044e-01
2.959999999999999964e+00,2.027583654602383156e-01
2.964999999999999858e+00,2.022829478352694277e-01
2.970000000000000195e+00,2.019107274103262573e-01
2.975000000000000089e+00,2.016285642145977941e-01
2.979999999999999982e+00,2.014334928379304113e-01
2.984999999999999876e+00,2.012968082459585251e-01
2.990000000000000213e+00,2.011827193327295760e-01
2.995000000000000107e+00,2.011009964656233773e-01
3.000000000000000000e+00,2.010456586838481885e-01
3.004999999999999893e+00,2.010147065472372430e-01
3.010000000000000231e+00,2.009768551328098840e-01
3.015000000000000124e+00,2.009674328050091996e-01
3.020000000000000018e+00,2.009811348885251203e-01
3.024999999999999911e+00,2.009996528293493123e-01
3.030000000000000249e+00,2.010308562165111501e-01
3.035000000000000142e+00,2.010467014133485997e-01
3.040000000000000036e+00,1.989544172391204957e-01
3.044999999999999929e+00,1.944168818457076842e-01
3.050000000000000266e+00,1.892666300181692907e-01
3.055000000000000160e+00,1.866387652366341132e-01
3.060000000000000053e+00,1.833413133080251112e-01
3.064999999999999947e+00,1.825835519164892562e-01
3.070000000000000284e+00,1.809931596662713860e-01
3.075000000000000178e+00,1.799098923581143872e-01
3.080000000000000071e+00,1.810246699352517086e-01
3.084999999999999964e+00,1.800980885716982616e-01
3.089999999999999858e+00,1.802687141913682234e-01
3.095000000000000195e+00,1.790885991781913100e-01
3.100000000000000089e+00,1.779746096601338423e-01
3.104999999999999982e+00,1.774480098410674556e-01
3.109999999999999876e+00,4.799726073774094465e-02
3.115000000000000213e+00,1.780008517346912400e-01
3.120000000000000107e+00,1.791053051373259764e-01
3.125000000000000000e+00,1.822747114824739001e-01
3.129999999999999893e+00,1.808908312268951435e-01
3.135000000000000231e+00,1.798146283906354725e-01
3.140000000000000124e+00,1.798670406124361354e-01
3.145000000000000018e+00,1.776751720106314325e-01
3.149999999999999911e+00,1.773256218288102593e-01
3.155000000000000249e+00,1.844069963711898186e-01
3.160000000000000142e+00,1.937230781215770747e-01
3.165000000000000036e+00,1.935599513075320355e-01
3.169999999999999929e+00,1.888588905709882027e-01
3.175000000000000266e+00,1.817201983938710186e-01
3.180000000000000160e+00,1.772553653335392221e-01
3.185000000000000053e+00,1.940542957417789871e-01
3.189999999999999947e+00,2.094238350469661281e-01
3.195000000000000284e+00,2.095785662959209206e-01
3.200000000000000178e+00,2.092403416135078242e-01
3.205000000000000071e+00,2.083416598603074210e-01
3.209999999999999964e+00,2.052887957082850656e-01
3.214999999999999858e+00,2.035060486032272686e-01
3.220000000000000195e+00,2.015203097729243997e-01
3.225000000000000089e+00,1.998503661673831366e-01
3.229999999999999982e+00,1.975491008310874819e-01
3.234999999999999876e+00,1.969786028030262870e-01
3.240000000000000213e+00,1.967934476238608066e-01
3.245000000000000107e+00,1.967775279441141278e-01
3.250000000000000000e+00,1.962345028239158018e-01
3.254999999999999893e+00,1.966358212787200355e-01
3.260000000000000231e+00,1.970791035112887113e-01
3.265000000000000124e+00,1.975374765839688906e-01
3.270000000000000018e+00,1.978923816642838285e-01
3.274999999999999911e+00,1.984853976836283007e-01
3.280000000000000249e+00,1.989487324291275838e-01
3.285000000000000142e+00,1.993282392040711393e-01
3.290000000000000036e+00,1.996428163311035620e-01
3.294999999999999929e+00,1.998682182529395723e-01
3.300000000000000266e+00,1.999819908840919369e-01
3.305000000000000160e+00,2.000704293064477501e-01
3.310000000000000053e+00,2.001476101178009392e-01
3.314999999999999947e+00,2.001988656535159949e-01
3.320000000000000284e+00,2.002392529302003121e-01
3.325000000000000178e+00,2.002803207985883183e-01
3.330000000000000071e+00,2.003141249599572904e-01
3.334999999999999964e+00,2.003366063614948900e-01
3.339999999999999858e+00,2.003571670101773061e-01
3.345000000000000195e+00,2.003704368352946241e-01
3.350000000000000089e+00,2.003652412721555198e-01
3.354999999999999982e+00,2.003698870952313471e-01
3.359999999999999876e+00,2.003798781893198488e-01
3.365000000000000213e+00,2.003938343190375670e-01
3.370000000000000107e+00,2.003952219743078134e-01
3.375000000000000000e+00,2.004015491287672313e-01
3.379999999999999893e+00,2.004042119083244700e-01
3.385000000000000231e+00,2.003990498284346777e-01
3.390000000000000124e+00,2.003970861560424588e-01
3.395000000000000018e+00,2.003995983313549556e-01
3.399999999999999911e+00,2.004019144213468051e-01
3.405000000000000249e+00,2.003983918361735006e-01
3.410000000000000142e+00,2.003949860790564252e-01
3.415000000000000036e+00,2.003970697026970782e-01
3.419999999999999929e+00,2.003983229143344313e-01
3.425000000000000266e+00,2.004027789925992287e-01
3.430000000000000160e+00,2.003915637290190344e-01
3.435000000000000053e+00,2.003884696533900500e-01
3.439999999999999947e+00,2.003936080553558041e-01
3.445000000000000284e+00,2.003912975821919018e-01
3.450000000000000178e+00,2.003888500502188363e-01
3.455000000000000071e+00,2.003862797550154395e-01
3.459999999999999964e+00,2.003844530162766646e-01
3.464999999999999858e+00,2.003836628624321436e-01
3.470000000000000195e+00,2.003840053425059720e-01
3.475000000000000089e+00,2.003846512138006131e-01
3.479999999999999982e+00,2.003708464356958596e-01
3.484999999999999876e+00,2.003652315014542995e-01
3.490000000000000213e+00,2.003628501144844865e-01
3.495000000000000107e+00,2.003608137696007430e-01
3.500000000000000000e+00,2.003579786760252002e-01
3.504999999999999893e+00,2.003571335290552924e-01
3.510000000000000231e+00,2.003555462965705414e-01
3.515000000000000124e+00,2.003565262843382266e-01
3.520000000000000018e+00,2.003539974936206502e-01
3.524999999999999911e+00,2.003446950872271037e-01
3.530000000000000249e+00,2.003345611503496160e-01
3.535000000000000142e+00,2.003279413815002852e-01
3.540000000000000036e+00,2.003154369152116421e-01
3.544999999999999929e+00,2.003099401787200307e-01
3.550000000000000266e+00,2.003087977982624945e-01
3.555000000000000160e+00,2.003076686114322047e-01
3.560000000000000053e+00,2.003044049373904345e-01
3.564999999999999947e+00,2.002889317363462651e-01
3.570000000000000284e+00,2.002727800886083820e-01
3.575000000000000178e+00,2.002612053228192412e-01
3.580000000000000071e+00,2.002495247330242367e-01
3.584999999999999964e+00,2.002423949356371968e-01
3.589999999999999858e+00,2.002363262767132834e-01
3.595000000000000195e+00,2.002318317414950311e-01
3.600000000000000089e+00,2.002259655808112659e-01
3.604999999999999982e+00,2.002231357641708620e-01
3.609999999999999876e+00,2.002208645139823551e-01
3.615000000000000213e+00,1.851027777931313067e-01
3.620000000000000107e+00,1.911150469011753950e-01
3.625000000000000000e+00,2.026759156735884748e-01
3.629999999999999893e+00,2.041403537313078720e-01
3.635000000000000231e+00,2.003181961638049180e-01
3.640000000000000124e+00,1.916496564074483822e-01
3.645000000000000018e+00,1.929031066212341106e-01
3.649999999999999911e+00,1.966646217121326146e-01
3.655000000000000249e+00,2.015119817825498649e-01
3.660000000000000142e+00,2.043322184983182022e-01
3.665000000000000036e+00,2.003087779784554767e-01
3.669999999999999929e+00,1.979856537328218424e-01
3.675000000000000266e+00,2.022160799010007670e-01
3.680000000000000160e+00,2.022060872450144597e-01
3.685000000000000053e+00,2.064611873739956027e-01
3.689999999999999947e+00,2.072315337128864954e-01
3.695000000000000284e+00,2.055835857514625442e-01
3.700000000000000178e+00,2.046949989667323777e-01
3.705000000000000071e+00,2.086609364653663201e-01
3.709999999999999964e+00,2.084916485960174037e-01
3.714999999999999858e+00,2.115032543809903520e-01
3.720000000000000195e+00,2.103240539250319230e-01
3.725000000000000089e+00,2.094780374597466910e-01
3.729999999999999982e+00,2.128483482906217139e-01
3.734999999999999876e+00,2.124614297646005845e-01
3.740000000000000213e+00,2.121646160507892065e-01
3.745000000000000107e+00,2.135428600142685873e-01
3.750000000000000000e+00,2.130023618241791705e-01
3.754999999999999893e+00,2.126958679479393766e-01
3.760000000000000231e+00,2.159741481986245659e-01
3.765000000000000124e+00,2.158282797055867674e-01
3.770000000000000018e+00,2.156540801337461510e-01
3.774999999999999911e+00,2.162213767450089641e-01
3.780000000000000249e+00,2.159818559373715974e-01
3.785000000000000142e+00,2.159341536583790633e-01
3.790000000000000036e+00,2.189760579281991026e-01
3.794999999999999929e+00,2.190384881240639847e-01
3.800000000000000266e+00,2.191472374480348539e-01
3.805000000000000160e+00,2.193432295098487195e-01
3.810000000000000053e+00,2.194866725664050555e-01
3.814999999999999947e+00,2.221323208111138647e-01
3.820000000000000284e+00,2.220997420990496463e-01
3.825000000000000178e+00,2.221237829640313743e-01
3.830000000000000071e+00,2.223034638091359871e-01
3.834999999999999964e+00,2.225485260968355361e-01
3.839999999999999858e+00,2.227527261038594331e-01
3.845000000000000195e+00,2.251448554931077262e-01
3.850000000000000089e+00,2.252493727479388530e-01
3.854999999999999982e+00,2.253496485694277962e-01
3.859999999999999876e+00,2.255626816281776914e-01
3.865000000000000213e+00,2.259112871030895531e-01
3.870000000000000107e+00,2.262851529952278062e-01
3.875000000000000000e+00,2.284722528818791398e-01
3.879999999999999893e+00,2.287907018763395972e-01
3.885000000000000231e+00,2.291019765051831025e-01
3.890000000000000124e+00,2.294418754216287770e-01
3.895000000000000018e+00,2.298909033760331844e-01
3.899999999999999911e+00,2.320348790011134144e-01
3.905000000000000249e+00,2.324334430123100870e-01
3.910000000000000142e+00,2.328831692970529665e-01
3.915000000000000036e+00,2.333935040453118115e-01
3.919999999999999929e+00,2.339707881475582008e-01
3.925000000000000266e+00,2.346066075929163497e-01
3.930000000000000160e+00,2.353279164732636486e-01
3.935000000000000053e+00,2.373778609806473927e-01
3.939999999999999947e+00,2.381223025193438536e-01
3.945000000000000284e+00,2.389645899899793535e-01
3.950000000000000178e+00,2.399026931205015534e-01
3.955000000000000071e+00,2.394150375985330259e-01
3.959999999999999964e+00,2.378551489051209389e-01
3.965000000000000302e+00,2.362110041910126523e-01
3.970000000000000195e+00,2.344873782846968180e-01
3.975000000000000089e+00,2.327198321491233124e-01
3.979999999999999982e+00,2.308849452457149565e-01
3.984999999999999876e+00,2.289846739660361674e-01
3.990000000000000213e+00,2.270447595065870627e-01
3.995000000000000107e+00,2.250668792514395611e-01
4.000000000000000000e+00,2.230297768878957698e-01
4.004999999999999893e+00,2.209668285448418423e-01
4.009999999999999787e+00,2.189310952470940319e-01
4.014999999999999680e+00,2.169227419157026548e-01
4.020000000000000462e+00,2.149501297993747506e-01
4.025000000000000355e+00,2.130621996755457936e-01
4.030000000000000249e+00,2.112510460896961095e-01
4.035000000000000142e+00,2.096338624462469880e-01
4.040000000000000036e+00,2.081813094504234574e-01
4.044999999999999929e+00,2.069265070501138948e-01
4.049999999999999822e+00,2.058661569282006498e-01
4.054999999999999716e+00,2.050263185048799286e-01
4.060000000000000497e+00,2.043744555206128133e-01
4.065000000000000391e+00,2.038632977558498816e-01
4.070000000000000284e+00,2.035056656066276393e-01
4.075000000000000178e+00,2.032217296641818383e-01
4.080000000000000071e+00,2.029984649956065867e-01
4.084999999999999964e+00,2.028039076609225166e-01
4.089999999999999858e+00,2.026311783318640036e-01
4.094999999999999751e+00,1.993010093205424549e-01
4.099999999999999645e+00,1.940580878368996787e-01
4.105000000000000426e+00,1.896454708907143738e-01
4.110000000000000320e+00,1.860693510576427734e-01
4.115000000000000213e+00,1.834398190846447396e-01
4.120000000000000107e+00,1.808293028197882624e-01
4.125000000000000000e+00,1.783372507826895270e-01
4.129999999999999893e+00,1.763605273883087354e-01
4.134999999999999787e+00,1.748065690031493091e-01
4.139999999999999680e+00,1.737327006247157690e-01
4.145000000000000462e+00,1.732093741742762594e-01
4.150000000000000355e+00,1.734025061825289760e-01
4.155000000000000249e+00,1.746044738500562299e-01
4.160000000000000142e+00,1.747816193688145892e-01
4.165000000000000036e+00,1.748436085547188656e-01
4.169999999999999929e+00,1.749178261638126841e-01
4.174999999999999822e+00,1.738677269667969205e-01
4.179999999999999716e+00,1.709628014234288451e-01
4.185000000000000497e+00,1.705602681286436106e-01
4.190000000000000391e+00,1.709849196077737055e-01
4.195000000000000284e+00,1.714331346912602028e-01
4.200000000000000178e+00,1.718218161482249207e-01
4.205000000000000071e+00,1.721376343027262723e-01
4.209999999999999964e+00,1.723919743519320702e-01
4.214999999999999858e+00,1.702328808733714061e-01
4.219999999999999751e+00,1.685387667147791035e-01
4.224999999999999645e+00,1.691915275874149860e-01
4.230000000000000426e+00,1.698397577303955575e-01
4.235000000000000320e+00,1.703896648550257964e-01
4.240000000000000213e+00,1.708944809568870848e-01
4.245000000000000107e+00,1.702723851016625933e-01
4.250000000000000000e+00,1.709079227129292611e-01
4.254999999999999893e+00,1.681010547840558478e-01
4.259999999999999787e+00,1.689966266253621618e-01
4.264999999999999680e+00,1.700151145530113261e-01
4.270000000000000462e+00,1.708850971789865059e-01
4.275000000000000355e+00,1.715656204207253177e-01
4.280000000000000249e+00,1.723027545896769763e-01
4.285000000000000142e+00,1.729931470270833493e-01
4.290000000000000036e+00,1.707048781852253672e-01
4.294999999999999929e+00,1.718235499385767917e-01
4.299999999999999822e+00,1.730711594405705822e-01
4.304999999999999716e+00,1.742953513644997787e-01
4.310000000000000497e+00,1.754942427338059274e-01
4.315000000000000391e+00,1.756842452324541004e-01
4.320000000000000284e+00,1.769421668674946158e-01
4.325000000000000178e+00,1.769161381451268000e-01
4.330000000000000071e+00,1.784240470747860963e-01
4.334999999999999964e+00,1.799703974490712566e-01
4.339999999999999858e+00,1.814976613496446789e-01
4.344999999999999751e+00,1.830210561176508766e-01
4.350000000000000533e+00,1.845457063320536106e-01
4.355000000000000426e+00,1.860764468553896545e-01
4.360000000000000320e+00,1.869214821671655313e-01
4.365000000000000213e+00,1.885381791728636680e-01
4.370000000000000107e+00,1.903433982495520704e-01
4.375000000000000000e+00,1.920746295871127163e-01
4.379999999999999893e+00,1.937560690529334384e-01
4.384999999999999787e+00,1.952244998773451645e-01
4.389999999999999680e+00,1.964413705959488499e-01
4.395000000000000462e+00,1.974050117750659195e-01
4.400000000000000355e+00,1.981901044988202687e-01
4.405000000000000249e+00,1.988657843870937636e-01
4.410000000000000142e+00,1.994399942036045592e-01
4.415000000000000036e+00,1.999152482500657912e-01
4.419999999999999929e+00,2.003254225825238377e-01
4.424999999999999822e+00,2.006749087862643999e-01
4.429999999999999716e+00,2.009577094419413568e-01
4.435000000000000497e+00,2.011915490131718776e-01
4.440000000000000391e+00,2.013732327115072551e-01
4.445000000000000284e+00,2.014876829674701886e-01
4.450000000000000178e+00,2.015771571841064869e-01
4.455000000000000071e+00,2.016562590992724002e-01
4.459999999999999964e+00,2.017341550700012254e-01
4.464999999999999858e+00,2.017836390390075618e-01
4.469999999999999751e+00,2.018173013851357334e-01
4.475000000000000533e+00,2.018268889147004086e-01
4.480000000000000426e+00,2.018217911886088789e-01
4.485000000000000320e+00,2.017790794475397553e-01
4.490000000000000213e+00,2.017314884811243492e-01
4.495000000000000107e+00,2.016928466152803912e-01
4.500000000000000000e+00,2.016309945987228569e-01
4.504999999999999893e+00,2.015960548950243292e-01
4.509999999999999787e+00,2.015686799863992129e-01
4.514999999999999680e+00,2.015236741594219338e-01
4.520000000000000462e+00,2.014880252452111442e-01
4.525000000000000355e+00,2.014194632894120984e-01
4.530000000000000249e+00,2.013653673626780438e-01
4.535000000000000142e+00,2.013187123228739883e-01
4.540000000000000036e+00,2.012856359459397892e-01
4.544999999999999929e+00,2.012419671536437027e-01
4.549999999999999822e+00,2.012100544674495783e-01
4.554999999999999716e+00,2.011746095627284792e-01
4.560000000000000497e+00,2.011553157651728707e-01
4.565000000000000391e+00,2.010861668986635709e-01
4.570000000000000284e+00,2.010204561198278561e-01
4.575000000000000178e+00,2.009289794696675346e-01
4.580000000000000071e+00,2.008734357486934574e-01
4.584999999999999964e+00,2.008162881970296798e-01
4.589999999999999858e+00,2.007753446447633483e-01
4.594999999999999751e+00,2.007479821800740305e-01
4.600000000000000533e+00,2.007131961457698233e-01
4.605000000000000426e+00,2.006924827619261387e-01
4.610000000000000320e+00,2.006574803752515512e-01
4.615000000000000213e+00,2.006304033038827095e-01
4.620000000000000107e+00,2.006129680281759364e-01
4.625000000000000000e+00,2.005843638944351803e-01
4.629999999999999893e+00,2.005396181665241029e-01
4.634999999999999787e+00,2.005260030377179203e-01
4.639999999999999680e+00,2.006221090783615602e-01
4.645000000000000462e+00,2.007969944056974543e-01
4.650000000000000355e+00,2.010584428590741490e-01
4.655000000000000249e+00,2.017806547949536899e-01
4.660000000000000142e+00,2.023939762560409139e-01
4.665000000000000036e+00,2.028501937574062330e-01
4.669999999999999929e+00,2.033318400415283500e-01
4.674999999999999822e+00,2.038372731476487953e-01
4.679999999999999716e+00,2.043964857096695897e-01
4.685000000000000497e+00,2.049507402887883745e-01
4.690000000000000391e+00,2.056342648197731493e-01
4.695000000000000284e+00,2.071230069002005791e-01
4.700000000000000178e+00,2.080132076303086164e-01
4.705000000000000071e+00,2.084989746615418249e-01
4.709999999999999964e+00,2.089693956856241985e-01
4.714999999999999858e+00,2.095552840653994997e-01
4.719999999999999751e+00,2.100512926663972157e-01
4.725000000000000533e+00,2.104998916672334297e-01
4.730000000000000426e+00,2.116636976471238107e-01
4.735000000000000320e+00,2.128520401458247890e-01
4.740000000000000213e+00,2.138449819576020705e-01
4.745000000000000107e+00,2.141260466670007745e-01
4.750000000000000000e+00,2.144267992300965819e-01
4.754999999999999893e+00,2.147422432855648489e-01
4.759999999999999787e+00,2.151036437037491533e-01
4.764999999999999680e+00,2.160806553197071878e-01
4.770000000000000462e+00,2.171261453141098419e-01
4.775000000000000355e+00,2.181523474043875754e-01
4.780000000000000249e+00,2.191524585646573153e-01
4.785000000000000142e+00,2.193619335723790975e-01
4.790000000000000036e+00,2.195981117442394326e-01
4.794999999999999929e+00,2.198688094585466712e-01
4.799999999999999822e+00,2.206974121176041859e-01
4.804999999999999716e+00,2.216680081364859056e-01
4.810000000000000497e+00,2.226058356591383569e-01
4.815000000000000391e+00,2.235324062098882347e-01
4.820000000000000284e+00,2.244043230823103974e-01
4.825000000000000178e+00,2.246366689599882671e-01
4.830000000000000071e+00,2.248884372572674817e-01
4.834999999999999964e+00,2.255601388792721762e-01
4.839999999999999858e+00,2.265511749546173237e-01
4.844999999999999751e+00,2.275559995072502228e-01
4.850000000000000533e+00,2.285302607957432897e-01
4.855000000000000426e+00,2.295149182158803258e-01
4.860000000000000320e+00,2.302638691574595275e-01
4.865000000000000213e+00,2.305514810006265014e-01
4.870000000000000107e+00,2.312581661968148850e-01
4.875000000000000000e+00,2.323650814825561073e-01
4.879999999999999893e+00,2.335964721853545090e-01
4.884999999999999787e+00,2.348390480312561313e-01
4.889999999999999680e+00,2.360652014343628813e-01
4.895000000000000462e+00,2.372989016402006768e-01
4.900000000000000355e+00,2.380976619787548154e-01
4.905000000000000249e+00,2.389758552982986228e-01
4.910000000000000142e+00,2.403084613462364294e-01
4.915000000000000036e+00,2.417657480428912486e-01
4.919999999999999929e+00,2.433325470454421602e-01
4.924999999999999822e+00,2.448769124900729843e-01
4.929999999999999716e+00,2.463745134939191728e-01
4.935000000000000497e+00,2.477922256641689192e-01
4.940000000000000391e+00,2.488731695037143532e-01
4.945000000000000284e+00,2.504987625124923678e-01
4.950000000000000178e+00,2.521867348953620858e-01
4.955000000000000071e+00,2.539160637132869547e-01
4.959999999999999964e+00,2.557031217396421030e-01
4.964999999999999858e+00,2.574592664675457998e-01
4.969999999999999751e+00,2.591923996129076313e-01
4.975000000000000533e+00,2.604519146009274255e-01
4.980000000000000426e+00,2.621012074404402425e-01
4.985000000000000320e+00,2.637503998430034691e-01
4.990000000000000213e+00,2.654229060795150197e-01
4.995000000000000107e+00,2.671036822446966608e-01
5.000000000000000000e+00,2.687785532839774838e-01
5.004999999999999893e+00,2.703532964558253981e-01
5.009999999999999787e+00,2.714914499501029366e-01
5.014999999999999680e+00,2.728524955614173297e-01
5.020000000000000462e+00,2.741979815366645812e-01
5.025000000000000355e+00,2.755268375894588395e-01
5.030000000000000249e+00,2.768047048602315097e-01
5.035000000000000142e+00,2.780846455679553686e-01
5.040000000000000036e+00,2.793773099712614227e-01
5.044999999999999929e+00,2.803846604427092104e-01
5.049999999999999822e+00,2.813554769003929201e-01
5.054999999999999716e+00,2.823313543673896531e-01
5.060000000000000497e+00,2.832748411807599065e-01
5.065000000000000391e+00,2.842038615967622528e-01
5.070000000000000284e+00,2.851333037408220750e-01
5.075000000000000178e+00,2.860670115970366800e-01
5.080000000000000071e+00,2.868848919385819651e-01
5.084999999999999964e+00,2.875464694358957907e-01
5.089999999999999858e+00,2.882016998575816502e-01
5.094999999999999751e+00,2.887617605950064115e-01
5.100000000000000533e+00,3.011691033436517118e-01
5.105000000000000426e+00,3.006960428437230881e-01
5.110000000000000320e+00,3.002266946701648842e-01
5.115000000000000213e+00,2.997229362503426864e-01
5.120000000000000107e+00,2.992005496435095058e-01
5.125000000000000000e+00,2.986217306189988818e-01
5.129999999999999893e+00,2.979660633201597908e-01
5.134999999999999787e+00,2.971876749426768938e-01
5.139999999999999680e+00,2.961978041301779885e-01
5.145000000000000462e+00,2.949308130513021986e-01
5.150000000000000355e+00,2.933647637922431883e-01
5.155000000000000249e+00,2.914538610821225117e-01
5.160000000000000142e+00,2.892276059616518125e-01
5.165000000000000036e+00,2.866788029349251476e-01
5.169999999999999929e+00,2.838677140477350869e-01
5.174999999999999822e+00,2.808706869813147877e-01
5.179999999999999716e+00,2.777576522572600126e-01
5.185000000000000497e+00,2.745713691556687652e-01
5.190000000000000391e+00,2.713688371427748214e-01
5.195000000000000284e+00,2.681800928189920219e-01
5.200000000000000178e+00,2.650331502332755051e-01
5.205000000000000071e+00,2.619269121623457597e-01
5.209999999999999964e+00,2.588797230704426577e-01
5.214999999999999858e+00,2.559040098589902557e-01
5.219999999999999751e+00,2.529984626367985934e-01
5.225000000000000533e+00,2.501525577235394482e-01
5.230000000000000426e+00,2.473893089865154271e-01
5.235000000000000320e+00,2.447004227706656987e-01
5.240000000000000213e+00,2.420468108871567381e-01
5.245000000000000107e+00,2.394397339510302425e-01
5.250000000000000000e+00,2.368591977078559896e-01
5.254999999999999893e+00,2.342792034808485746e-01
5.259999999999999787e+00,2.317182876184160911e-01
5.264999999999999680e+00,2.291683282132901955e-01
5.270000000000000462e+00,2.266040392162038675e-01
5.275000000000000355e+00,2.240710843653495321e-01
5.280000000000000249e+00,2.215728200253284652e-01
5.285000000000000142e+00,2.191077644751004139e-01
5.290000000000000036e+00,2.167388016519705141e-01
5.294999999999999929e+00,2.145044022493360902e-01
5.299999999999999822e+00,2.124156828392567697e-01
5.304999999999999716e+00,2.105401491236282563e-01
5.310000000000000497e+00,2.088826738099456848e-01
5.315000000000000391e+00,2.074153603997303252e-01
5.320000000000000284e+00,2.061795486056109405e-01
5.325000000000000178e+00,2.051538496556161439e-01
5.330000000000000071e+00,2.043051494070280694e-01
5.334999999999999964e+00,2.036309018776812640e-01
5.339999999999999858e+00,2.030750934378963979e-01
5.344999999999999751e+00,2.026379024923129768e-01
5.350000000000000533e+00,2.022878274709381530e-01
5.355000000000000426e+00,2.019866262455730366e-01
5.360000000000000320e+00,2.017600269557793258e-01
5.365000000000000213e+00,2.015510067340310352e-01
5.370000000000000107e+00,2.014115513787955725e-01
5.375000000000000000e+00,2.012674355783067304e-01
5.379999999999999893e+00,2.011748090715757553e-01
5.384999999999999787e+00,2.010713339398240151e-01
5.389999999999999680e+00,2.010121301702975372e-01
5.395000000000000462e+00,2.009478940808083480e-01
5.400000000000000355e+00,2.009143983432328529e-01
5.405000000000000249e+00,2.008846698028046995e-01
5.410000000000000142e+00,2.008658850174977473e-01
5.415000000000000036e+00,2.008693790182660421e-01
5.419999999999999929e+00,2.008479643947483906e-01
5.424999999999999822e+00,2.008456540033327076e-01
5.429999999999999716e+00,2.008312908723534906e-01
5.435000000000000497e+00,2.008116475495498598e-01
5.440000000000000391e+00,2.008086654442033381e-01
5.445000000000000284e+00,2.007920393213720178e-01
5.450000000000000178e+00,2.007828213548443208e-01
5.455000000000000071e+00,2.007885329393921114e-01
5.459999999999999964e+00,2.007748664426241836e-01
5.464999999999999858e+00,2.007578497063965406e-01
5.469999999999999751e+00,2.007590270288741041e-01
5.475000000000000533e+00,2.007629558069378983e-01
5.480000000000000426e+00,2.007513142415623120e-01
5.485000000000000320e+00,2.007472302995504942e-01
5.490000000000000213e+00,2.007471040372661442e-01
5.495000000000000107e+00,2.007474112655454612e-01
5.500000000000000000e+00,2.007374877345532438e-01
5.504999999999999893e+00,2.007313420462588371e-01
5.509999999999999787e+00,2.007264458930797801e-01
5.514999999999999680e+00,2.007233767948186920e-01
5.520000000000000462e+00,2.007079961348898767e-01
5.525000000000000355e+00,2.007029718489390657e-01
5.530000000000000249e+00,2.007003296192605701e-01
5.535000000000000142e+00,2.007003895277975070e-01
5.540000000000000036e+00,2.007079707448040651e-01
5.544999999999999929e+00,2.007002772157537029e-01
5.549999999999999822e+00,2.006975412347565824e-01
5.554999999999999716e+00,2.006944011958266272e-01
5.560000000000000497e+00,2.006915174096626231e-01
5.565000000000000391e+00,2.006882595779189982e-01
5.570000000000000284e+00,2.006838645830986145e-01
5.575000000000000178e+00,2.006762240362467697e-01
5.580000000000000071e+00,2.006755042126183719e-01
5.584999999999999964e+00,2.006731855748710991e-01
5.589999999999999858e+00,2.006688013236931911e-01
5.594999999999999751e+00,2.006696579995731200e-01
5.600000000000000533e+00,2.006751998307282348e-01
5.605000000000000426e+00,2.006784300984113256e-01
5.610000000000000320e+00,2.006646632640499139e-01
5.615000000000000213e+00,2.006546538013704306e-01
5.620000000000000107e+00,2.006505131158575761e-01
5.625000000000000000e+00,2.006481256210702335e-01
5.629999999999999893e+00,2.006449241264284533e-01
5.634999999999999787e+00,2.006502231135123271e-01
5.639999999999999680e+00,2.006542982101607586e-01
5.645000000000000462e+00,2.006524946403655807e-01
5.650000000000000355e+00,2.006492592160218080e-01
5.655000000000000249e+00,2.006468033013719954e-01
5.660000000000000142e+00,2.006380794134234868e-01
5.665000000000000036e+00,2.006321798495224185e-01
5.669999999999999929e+00,2.006284980308281618e-01
5.674999999999999822e+00,2.006292180231502020e-01
5.679999999999999716e+00,2.006335877260422840e-01
5.685000000000000497e+00,2.006366706717570003e-01
5.690000000000000391e+00,2.006363094652175993e-01
5.695000000000000284e+00,2.006343518256844261e-01
5.700000000000000178e+00,2.006334262373341282e-01
5.705000000000000071e+00,2.006307385098981266e-01
5.709999999999999964e+00,2.006268114139430625e-01
5.714999999999999858e+00,2.006306506836536552e-01
5.719999999999999751e+00,2.006314584134147039e-01
5.725000000000000533e+00,2.006288281963506948e-01
5.730000000000000426e+00,2.006224890458244148e-01
5.735000000000000320e+00,2.006163897593309930e-01
5.740000000000000213e+00,2.006167901210660909e-01
5.745000000000000107e+00,2.006170815274864738e-01
5.750000000000000000e+00,2.006159701114506588e-01
5.754999999999999893e+00,2.006165819436149245e-01
5.759999999999999787e+00,2.006159320174992766e-01
5.764999999999999680e+00,2.006164007808302896e-01
5.770000000000000462e+00,2.006164565602176486e-01
5.775000000000000355e+00,2.006136811905299411e-01
5.780000000000000249e+00,2.006102295465591323e-01
5.785000000000000142e+00,2.006073519723212406e-01
5.790000000000000036e+00,2.006053801818270532e-01
5.794999999999999929e+00,2.006053531992831873e-01
5.799999999999999822e+00,2.006056030080330399e-01
5.804999999999999716e+00,2.006045762333962257e-01
5.810000000000000497e+00,2.006059076289128662e-01
5.815000000000000391e+00,2.006101488619327355e-01
5.820000000000000284e+00,2.006150812305101949e-01
5.825000000000000178e+00,2.006175826207959034e-01
5.830000000000000071e+00,2.006156592094167912e-01
5.834999999999999964e+00,2.006122221385709392e-01
5.839999999999999858e+00,2.006105825250285024e-01
5.844999999999999751e+00,2.006088108434122552e-01
5.850000000000000533e+00,2.006073372985824332e-01
5.855000000000000426e+00,2.006111108527037223e-01
5.860000000000000320e+00,2.006154977521253935e-01
5.865000000000000213e+00,2.006146711904633062e-01
5.870000000000000107e+00,2.006119195095182606e-01
5.875000000000000000e+00,2.006172491121678281e-01
5.879999999999999893e+00,2.006185502446313496e-01
5.884999999999999787e+00,2.006151670456655656e-01
5.889999999999999680e+00,2.006101790027388088e-01
5.895000000000000462e+00,2.006157736585104656e-01
5.900000000000000355e+00,2.006195927621834407e-01
5.905000000000000249e+00,2.006176719348643778e-01
5.910000000000000142e+00,2.006175518621663711e-01
5.915000000000000036e+00,2.006204553560152759e-01
5.919999999999999929e+00,2.006225706618076365e-01
5.924999999999999822e+00,2.006214741520256639e-01
5.929999999999999716e+00,2.006183743654545715e-01
5.935000000000000497e+00,2.006183356824143560e-01
5.940000000000000391e+00,2.006177776646068667e-01
5.945000000000000284e+00,2.006136858206169493e-01
5.950000000000000178e+00,2.006105886211876910e-01
5.955000000000000071e+00,2.006129813666936712e-01
5.959999999999999964e+00,2.006131605478306545e-01
5.964999999999999858e+00,2.006157629164115053e-01
5.969999999999999751e+00,2.006168339748906071e-01
5.975000000000000533e+00,2.006135676864919670e-01
5.980000000000000426e+00,2.006115936956289758e-01
5.985000000000000320e+00,2.006092461587897502e-01
5.990000000000000213e+00,2.007460519244200214e-01
5.995000000000000107e+00,2.007836606092831266e-01
6.000000000000000000e+00,2.007360175404319380e-01
6.004999999999999893e+00,2.007242440094463010e-01
